queried_country,ueln_code,organisation
Portugal,620001,Direçao Geral de Alimentaçao e Veterinaria
Portugal,620002,Direcçao Geral de Veterinaria
Portugal,620003,Associação Portuguesa de Criadores de Cavalo Puro Sangue Lusitano
France,250001,IFCE - SIRE
Spain,724901,Organismo emisor de Documento de Identificacion de Equidos de crianza y renta en la Comunidad Autonoma de Andalucia
Spain,724001,Federacion nacional de trote
Spain,724002,Asociacion de Criadores de Pura Sangre Inglés de Espana
Spain,724003,Direccion General. Produccion Agropecuaria
Spain,724004,Asociación de criadores de la raza Burguete de Navarra y Asociación de Criadores de Jaca Navarra
Spain,724006,Asociacion de Criadores de Ponis de Raza Asturcon
Spain,724007,Asociacion de Criadores de Cabalo de Pura Raza Galega
Spain,724008,Consejeria de Ganaderia Agricuctura y Pesca
Spain,724009,EPOFE (Euskal Pottokazaleen Federazioa)
Spain,724010,Servicio de Produccion Ganadera
Spain,724011,Asociacion para el fomento de la raza Asnal Catalana
Spain,724012,Agricultura y Pesca Servicio de Ganaderia
Spain,724013,Grupo de Conservacion y Fomento Burro Majorero
Spain,724014,Asociacion Nacional Criadores de Ganado raza asnal Zamorano-Leonesa
Spain,724015,Asociacion Nacional de Criadores de Caballos de Pura Raza Española
Spain,724016,ANCADES asociacion nacional del caballo de deporte espanol
Spain,724017,Asociación Española de Criadores de Caballos Anglo-árabes / Spanish Anglo-Arabian
Spain,724018,Union Espanola de Ganaderos de Caballos de Pura Raza Hispano-arabe
Spain,724019,Asociacion de Criadores y Propietarios de Caballos de Raza Mallorquina
Spain,724020,Asociacion de Criadores y Propietarios de Caballos de Raza Menorquina
Spain,724021,Asociacion de Criadores y Propietarios de Caballos Trotadores
Spain,724022,Asociacion Espanola de Criadores de Caballos Arabes
Spain,724906,Organismo emisor de Documento de Identificación de Équidos de crianza y renta en la Comunidad Autónoma de Cantabria
Spain,724907,Organismo emisor de Documento de Identificación de Équidos de crianza y renta en la Comunidad Autónoma de Castilla-La Mancha
Spain,724910,Organismo emisor de Documento de Identificación de Équidos de crianza y renta en la Comunidad Autónoma de Extremadura
Spain,724911,Organismo emisor de Documento de Identificación de Équidos de crianza y renta en la Comunidad Autónoma de Galicia
Spain,724912,Organismo emisor de Documento de Identificación de Équidos de crianza y renta en la Comunidad de Madrid
Spain,724916,Organismo emisor de Documento de Identificación de Équidos de crianza y renta en la Comunidad Autónoma de La Rioja
Spain,724914,Organismo emisor de Documento de Identificación de Équidos de crianza y renta en la Comunidad Foral de Navarra
Spain,724917,Organismo emisor de Documento de Identificación de Équidos de crianza y renta en la Comunidad Valenciana
Spain,724023,"Asociación de Criadores de Ganado Equino de la raza Hispano Bretona en Cantabria ""Manadas"""
Spain,724903,Consejeria de Medio Rural y Pesca des Principado de Asturias
Spain,724024,Unión de Ganaderos de la Raza Asnal Andaluza
Spain,724918,Organismo emisor de Documento de Identificacion de Équidos de crianza y renta en la Ciudad de Ceuta
Spain,724908,Organismo emisor de Documento de Identificacion de Équidos de crianza y renta en la Comunidad de Castilla y Leon
Spain,724919,Organismo emisor de Documento de Identificacion de Équidos de crianza y renta en la Ciudad de Melilla
Spain,724025,Federacio d'Asociacions de Criadors del Cavall Pirinenc Català
Spain,724026,Asociacion Nacional de Criadores de Ganado Marismeno
Spain,724913,Organismo emisor de Documento de Identificacion de Equidos de crianza y renta en la Comunidad Autonoma de la Region de Murcia
Spain,724915,Organismo emisor de Documento de Identificacion de Équidos de crianza y renta en la Comunidad Autonoma del Pais Vasco o Euskadi
Spain,724909,Departament d'Accio Climatica Alimentacio i Agenda Rural
Spain,724027,"Asociación de Criadores de Caballos Losinos ""El Bardojal"""
Spain,724904,Organismo emisor de Documento de Identificacion de Équidos de crianza y renta en la Comunidad Autonoma de las Illes Balears
Spain,724902,Organismo emisor de Documento de Identificacion de Equidos de crianza y renta en la Communidad Autonoma de Aragon
Spain,724028,Asociación del Asno de Pura Raza Andaluza
Spain,724029,Asociación de Criadores de Pura Raza Caballo de las Retuertas
Brazil,076001,Associacao Brasileira de Criadores do Cavalo de Hipismo
Brazil,076002,Associacao Brasileira de Criadores do cavalo Crioulo
Brazil,076003,Associacao Brasileira de Criadores do Cavalo Quarto de Milha
Brazil,076004,Associacao Brasileira dos criadores do cavalo Mangalarga Marchador
Brazil,076005,Associacao Brasileira dos Criadores do cavalo Puro Sangre Lusitano
Brazil,076006,Associacao Brasileira Dos Criadores Do Cavalo Arabe
Brazil,076BRZ,Stud Book Brasileiro do Cavalo de Corrida
Brazil,076007,Associacao Brasileira dos criadores do cavalo da raca anglo-arabe
Germany,276417,European Colored Horses Association
Germany,276307,Hauptverband für Traberzucht und rennen eV
Germany,276308,Verband der Zuchter und Freunde des Arabischen Pferdes e.V.
Germany,276309,Verband der Zuchter und Freunde des Ostpreussischen Warmblutpferdes Trakehner Abstammung e.V
Germany,276310,Zuchtverband für deutsche Pferde e.V
Germany,276311,Friesenpferde-Zuchtverband eV
Germany,276312,Deutsche Quarter Horse Association e.V
Germany,276313,Zuchtverband für Sportpferde Arabischer Abstammung
Germany,276321,Verband der Zuchter des Holsteiner Pferdes
Germany,276322,Pferdestammbuch Schleswig-Holstein / Hamburg e V
Germany,276327,Verband der Pferdezuchter Mecklenburg-Vorpommern e.V
Germany,276330,Zuchtverband für das Ostfriesische und Alt-Oldenburger Pferd e.V.
Germany,276331,Hannoveraner Verband e.V.
Germany,276333,Verband der Zuchter des Oldenburger Pferdes
Germany,276334,Verband der Pony-und Kleinpferdezüchter Hannover e.V
Germany,276335,Pferdestammbuch Weser-Ems e V
Germany,276336,Stammbuch für Kaltblutpferde Niedersachsen e.V
Germany,276337,Pferdezuchtverband Sachsen-Anhalt e.V
Germany,276341,Westfalisches Pferdestammbuch e.V
Germany,276343,Rheinisches Pferdestammbuch e.V
Germany,276351,Pferdezuchtverband Rheinland-Pfalz-Saar
Germany,276357,Pferdezuchtverband Brandenburg-Anhalt e.V.
Germany,276361,Verband Hessischer Pferdezüchter
Germany,276363,Verband der Pony und Pferdezüchter Hessen e.V
Germany,276367,Verband Thüringer Pferdezüchter e.V
Germany,276373,Pferdezuchtverband Baden-Württemberg e.V.
Germany,276381,Landesverband Bayerischer Pferdezüchter eV
Germany,276384,Bayerischer Zuchtverband für Kleinpferde und Spezialpferderassen e.V
Germany,276387,Pferdezuchtverband Sachsen-Thüringen e.V.
Germany,276GER,Deutscher Galopp e. V.
Germany,276316,Lipizzaner Zuchtverband Deutschland e.V.
Germany,276414,Paint Horse Club Germany e.V.
Germany,276366,Deutscher Pinto Zuchtverband e.V.
Germany,276418,Springpferdezuchtverband Oldenburg International e.V.
Germany,276455,Pferdezuchtverband Sachsen-Thüringen
Germany,276486,Zuchtverband für Senner Pferde e.V.
Germany,276478,Verein der Freunde und Züchter des Berberpferdes e.V.
Germany,276479,Appaloosa Horse Club Germany e V
Germany,276398,Deutscher Reiterliche Vereinigung e.V.
Germany,276501,Landesverband Baden-Württemberg für Leistungsprüfungen in der Tierzucht e.V.
Germany,276460,European Western Horse Breeders UG
Germany,276476,Deutscher Zuchtverband fur Esen e.V.
United Kingdom,826061,Comann Each nan Eilean - The Eriskay Pony (Purebred) Studbook Society
United Kingdom,826066,The Miniature Mediterranean Donkey Association
United Kingdom,826002,Anglo European Studbook
United Kingdom,826004,The British Horse Society
United Kingdom,826005,British Appaloosa Society
United Kingdom,826006,British Hanoverian Horse Society
United Kingdom,826007,British Horse Database
United Kingdom,826008,British miniature Horse Society
United Kingdom,826009,British Morgan Horse Society
United Kingdom,826010,British Palomino Horse Society
United Kingdom,826011,British Percheron Horse Society
United Kingdom,826012,American Quarter Horse Association UK
United Kingdom,826013,British Skewbald & Piebald Association
United Kingdom,826014,British Sport Horse Registry
United Kingdom,826015,British Spotted Pony Society
United Kingdom,826016,Warmblood Breeders Studbook UK
United Kingdom,826017,Caspian Horse Society
United Kingdom,826018,Cleveland Bay Horse Society
United Kingdom,826084,British Show Hack Cob & Riding Horse Association
United Kingdom,826020,Dales Pony Society
United Kingdom,826021,Dartmoor Pony Society
United Kingdom,826022,Donkey Breed Society
United Kingdom,826023,English Connemara Pony Society
United Kingdom,826024,Eriskay Pony Society
United Kingdom,826025,Exmoor Pony Society
United Kingdom,826026,Spotted Pony Breed Society (Great Britain)
United Kingdom,826027,Fell Pony Society
United Kingdom,826028,Fjord Horse National Stud Book Association of Great Britain
United Kingdom,372002,Friesan Horse Society of Great Britain and Ireland Ltd
United Kingdom,826030,Hackney Horse Society
United Kingdom,826031,Highland Pony Society
United Kingdom,826032,Icelandic Horse Society of Great Britain
United Kingdom,826033,International miniature Horse and Pony Society
United Kingdom,826034,Irish Draught Horse Society
United Kingdom,826035,Lipizzaner national stud book association of Great Britain
United Kingdom,826078,American Miniature Horse Club GB
United Kingdom,826037,National Pony Society
United Kingdom,826038,New Forest Pony Breeding & Cattle Society
United Kingdom,826039,Shetland Pony Stud-book Society
United Kingdom,826040,Shire Horse Society
United Kingdom,826041,Sport Horse Breeding of Great Britain
United Kingdom,826042,Spotted Horse and Pony Society
United Kingdom,826043,Suffolk Horse Society
United Kingdom,826044,Arab Horse Society
United Kingdom,826045,Trakehner Breeders Fraternity
United Kingdom,826046,Welsh Pony & Cob Society
United Kingdom,826047,Scottish Sport Horse
United Kingdom,8260GB,Weatherbys
United Kingdom,826049,British Driving Society
United Kingdom,826076,Farmkey Genus Breeding Ltd
United Kingdom,826075,Veteran Horse Society
United Kingdom,826050,British Harness Racing Club
United Kingdom,826051,British Equestrian federation
United Kingdom,826052,Hurlingham Polo Association
United Kingdom,826053,Caspian Breed Society (UK)
United Kingdom,826054,Coloured Horse and Pony Society UK
United Kingdom,826055,Scottish Icelandic Horse Association
United Kingdom,372007,The Standardbred and Trotting Horse Association of Great Britain and Ireland
United Kingdom,826003,British Association for the Purebred Spanish Horse
United Kingdom,826057,British Bavarian Warmblood Association
United Kingdom,826058,Appaloosa Horse Club UK
United Kingdom,826059,Fjord Horse registry of Scotland and Fjord Horse UK
United Kingdom,826060,The Sports Pony Studbook Society
United Kingdom,826072,The Clydesdale Horse Society
United Kingdom,826063,The American Saddlebred Association of Great Britain
United Kingdom,826064,British Show Jumping Association
United Kingdom,826065,The Haflinger Society of Great Britain
United Kingdom,826067,Horse Passport Agency Ltd
United Kingdom,826068,The Gypsy Cob Society Ltd
United Kingdom,826069,Horse Passport Agency Ltd
United Kingdom,826070,The Lipizzaner Society of GB
United Kingdom,826071,The United Saddlebred Association UK
United Kingdom,826073,Pet ID Equine
United Kingdom,826074,Horse Passports Ltd
United Kingdom,826077,Selle Francais/EquiCours
United Kingdom,826081,Lusitano Breed Society of Great Britain
United Kingdom,826080,British Camargue Horse Society
United Kingdom,826079,British Falabella Studbook
United Kingdom,826082,The Showjumping Association of Ireland - Ulster Region
United Kingdom,826083,Oakdale (NI) Ltd
United Kingdom,826087,UK Knabstrupper Association
United Kingdom,826088,Breeders Elite Studbook for Irish and European Sporthorses Ltd
United Kingdom,826089,The Traditional Gypsy Cob Association Limited
United Kingdom,826090,Northern Ireland Horse Board
United Kingdom,826091,FRIESIAN HORSE UK LTD
United States,840001,American Bucksin Registry Association
United States,840002,American Hackney Horse Society
United States,840003,American Holsteiner Horse Association
United States,840004,American Miniature Horse Association
United States,840005,American Paint Horse Association
United States,840006,American Quarter Horse Association
United States,840007,American Trakehner Association Inc
United States,840008,American Warmblood Registry
United States,840009,American Warmblood Society
United States,840010,American White/american Creme Horse registry
United States,840011,Appaloosa Horse Club
United States,591001,Arabian Horse Association
United States,840013,Belgian Warmblood Breeding Association
United States,840014,International Bucksin Horse Association INC
United States,840016,Oldenburg Horse Breeders Society
United States,840017,International Sporthorse Registry/ Oldenburg Registry NA
United States,840018,Palomino Horse Breeders of America INC
United States,840019,Peruvian Paso Horse Registry of North America
United States,840020,Pinto Horse Association of America INC
United States,840021,Pony of the Americas Club INC
United States,840022,Swedish Warmblod Association of North America
United States,840023,The American Hanoverian Society
United States,840024,The American Morgan Horse Association
United States,840025,KWPN of North America
United States,840026,The Purebred Arabian Horse Registry
United States,840027,The United States Trotting Association
United States,124CAN,The Jockey Club of America
United States,840028,Welsh Pony and Cob Society of America
United States,840029,Norwegian Fjord Horse Registry
United States,840030,North American Shagya Society
United States,840031,International Sport Pony Registry
United States,840032,Lipizzan Association of America
United States,840033,Irish Draught Horse Society of North America
United States,840034,International Jumper Futurity Studbook
United States,840035,International Curly Horse Organization
United States,840036,Nokota Horse Conservancy
United States,840015,Performance Horse Registry
United States,840037,Friesian Horse Society
United States,840038,Continental Stud Book
United States,840039,Friesian Sporthorse Association
United States,840040,Foundation for the Pure Spanish Horse
United States,840041,American Heritage Horse Association
United States,840042,Spanish Mustang Registry Inc.
United States,840043,California Vaquero Horse Association
United States,840044,United States Icelandic Horse Congress
United States,840045,Horse of the Americas Registry
United States,840046,The Akhal-Teke Horse Registry
United States,840047,North American Studbook
United States,840048,United States Lipizzan Federation
United States,840049,Trakehner Association of North America
United States,840052,United States Lusitano Association
Netherlands,528001,Arabische Volboedpaarden Stamboek in Nederland
Netherlands,528002,Nederlandse Quarter Horse Associatie
Netherlands,528003,Kon Warmbloed paardenstamboek Nederland
Netherlands,528004,Koninklijke Vereniging Het Friesch Paarden Stamboek
Netherlands,528005,Koninklijke Vereniging het Nederlands Trekpaard en De Haflinger
Netherlands,528006,Lipizzanerstamboek Vereniging Nederland
Netherlands,528007,Nederlands Mini Paarden registratie Stamboek
Netherlands,528008,Nederlands Rijpaarden En PonyStamboek
Netherlands,528009,Nederlands Sheltand Pony Stamboek
Netherlands,528010,Stichting nederlandse Draft- en rensport
Netherlands,528011,Vereiniging Nederlands Stamboek voor Islandse paarden
Netherlands,528012,Vereniging het Groninger Paard
Netherlands,528013,Vereniging het Nederlands Appaloosa Stamboek
Netherlands,528014,Vereniging het Nederlands Fell Pony Stamboek
Netherlands,528015,Vereniging het Nederlands Fjordenpaarden Stamboek
Netherlands,528016,Vereniging het Nederlands Hackney Stamboek
Netherlands,528017,Vereniging het Nederlands Welsh Pony en COB Stamboek
Netherlands,528018,Vereniging Nederlands New Forest Pony Stamboek
Netherlands,528019,Welsh Pony & Cob Vereniging
Netherlands,528029,Vrienden van het Andalusische paard in Nederland
Netherlands,528028,Nederlands Dartmoor Pony stamboek
Netherlands,528020,Vereiniging Het Nederlands Connemara Pony Stamboek
Netherlands,528021,Vereniging Het Nederlands Stamboek voor Tinkers en Europees Moeder Stamboek voor Tinkers
Netherlands,528022,International Horse Breeders Association Heavy Warmblood
Netherlands,528023,Irish Cob Society Nederland
Netherlands,528024,Merens Stamboek Nederland
Netherlands,528025,Vereniging het Nederlands Ezelstamboek
Netherlands,528026,Falabella Stamboek
Netherlands,528027,Koninklijke Nederlandse Hippische Sportfederatie
Netherlands,528030,Gypsy Cob and Drum Horse Association
Netherlands,528031,Europees Stamboek Amerikaanse Miniatuur Paarden
Netherlands,528032,Europees Arabisch Stamboek voor Shagya-paarden Sportpaarden en Sportpony`s
Netherlands,528033,Nederlands Haflinger Paarden Stamboek
Netherlands,528034,DGB BV (IKB Nederland)
Netherlands,528035,Klassiek Paarden Stamboek
Netherlands,528036,Stichting Anglo European Studbook (AES)
Netherlands,528037,Vereniging European Falabella Studbook
Netherlands,528038,De Nederlandse Shire Clydesdale en Drum Horse Vereniging
Netherlands,528039,Vereniging van Fokkers en Gebruikers van het Fjordenpaard
Belgium,056001,Belgisch Arabisch Paardenstamboek vzw
Belgium,056002,Belgisch Warmbloedpaard vzw
Belgium,056003,Fédération belge des courses hippiques
Belgium,056004,Association Belge des Eleveurs de Chevaux Lusitaniens
Belgium,056005,Société Royale Le Cheval de Trait Ardennais
Belgium,056036,Société Royale Le Cheval de Trait Belge (Koninklijke Maatschapij Het Belgisch Trekpaard)
Belgium,056007,Société royale le cheval de sport belge
Belgium,056008,Stud-book Belge du Poney Fjord
Belgium,056009,Stud-book Belge du Poney Haflinger
Belgium,056010,Stud-book Belge du Cheval Islandais asbl
Belgium,056011,Stud-book Belge du Poney New-Forest
Belgium,056012,Stud-book Belge du Poney Shetland
Belgium,056013,Stud-book Belge du Poney Welsh
Belgium,056014,Le Lipizzan Belge
Belgium,056015,Stud-book Zangersheide
Belgium,056016,Belgian Highland Pony Society
Belgium,056017,Royal Belgian Palomino
Belgium,056018,Belgian Quarter Horse Association
Belgium,056BEL,Vlaamse Federatie voor Paardenrennen
Belgium,056019,Association Belge du Cheval Barbe
Belgium,056020,Association Wallonne des Eleveurs et Détenteurs d'Anes asbl
Belgium,056021,Confédération Wallonie-Bruxelles du Cheval
Belgium,056022,PaardenPunt Vlaanderen
Belgium,056023,Belgische Ezel Vrieden
Belgium,056024,Belgisch Merens Stamboek
Belgium,056025,Belgian Connemara Pony Association
Belgium,056026,Association Wallonne du Cheval de Trait belge
Belgium,056027,Het Vlaams Paard
Belgium,056028,Europese Arabo-Friezen Stamboek VZM
Belgium,056029,Belgisch Stamboek van het Friese Paard - Studbook Belge du Cheval Frison
Belgium,056030,Belgisch Stamboek van het Miniatuurpaard (SB Belge du cheval miniature)
Belgium,056031,Irish Cob Society Belgie vzw
Belgium,056032,Belgisch Tinker Stamboek vzw
Belgium,056033,BELGIAN APPALOOSA
Belgium,056034,Studbook Het Dressuurpaard
Belgium,056035,Belgian Franches-Montagnes Association
Belgium,056006,Vlaamse Fokkers van het Belgisch Trekpaard
Belgium,056037,KOEDBLOED KOEPEL vzw
Italy,380001,Associazione Italiana Allevatori
Italy,380002,Associazione Nazionale Allevatori Cavalli di Razza Haflinger
Italy,380003,Associazione Nazionale Allevatori Cavallo di Razza Maremmana
Italy,380004,Associazione Nazionale Allevatori del Cavallo Agricolo Italiano da Tiro Pesante Rapido
Italy,380005,Associazione Nazionale Italiana Cavallo Arabo
Italy,380006,Assoziacione Nazionale Cavallo bardigiano
Italy,380007,MIPAAF - Area Cavallo da sella
Italy,380008,MIPAAF - Area Cavallo Trottatore
Italy,380009,Instituto Incremento Ippico Della Sardegna
Italy,380ITY,MINISTERO DELLE POLITICHE AGRICOLE ALIMENTARI E FORESTALI
Italy,380010,Associazione Italiana Allevatori - Lipizzan
Italy,380011,Associazione Italiana Allevatori Unknown pedigree Horses
Italy,380012,Associazione Italiana Quarter Horse
Italy,380013,Regione Siciliana- Istituto Incremento Ippico per la Sicilia
Italy,380014,National Association of Horse Breeders of the Murge and Donkey of Martina Franca
Italy,380015,Federazione Italiana Sport Equestri
Austria,040001,Bundesgestüt Piber
Austria,040002,Burgenlädischer Pferdezuchtverband
Austria,040003,Haflinger Pferdezucht-verband Tirol
Austria,040004,Haflinger-Pferdezuchtverband Salzburg
Austria,040005,Landespferdezuchtverband Kärnten
Austria,040006,Landespferdezuchtverband Salzburg
Austria,040007,Landespferdezuchtverband Steiermark
Austria,040008,Zuchtverband Stadt-Paura
Austria,040009,Osterreichischer Araber zuchtverband
Austria,040010,Österreichischer Islandpferdezuchtverband
Austria,040012,Tiroler Noriker Pferdezuchtverband
Austria,040013,Verband der lipizzanerzüchter in Osterreich
Austria,040014,Verband der Pony und Kleinpferdezüchter in Osterreich
Austria,040015,Verband der VollblutAraber-Zuchter Osterreich
Austria,040016,Verband des Araber-Haflingerpferdes e V
Austria,040017,Verband niederöster-reichischer Pferdezüchter zur Förderung der Pferdezucht und des pferdeabsatzes
Austria,040018,Verein der Warmblutpferdezüchter des Landes Salzburg
Austria,040019,Verein der Warmblutpferdezüchter des Landes Tirol
Austria,040020,Voralberger Pferdezuchtverband
Austria,040021,Vorarlberger Haflinger-zuchtverein
Austria,040022,Zentrale Arbeitsgemeinschaft Osterreichischer Pferdezuchter
Austria,040023,Zentrale für traberzucht und rennen in Österreich
Austria,040AUT,Direktorium für Galopprennsport und Vollblutzucht in Österreich
Austria,040024,Niederosterreichischer Islandpferdezuchtverband
Austria,040025,Verein der Voralberger Warmblutzuchter
Austria,040026,Verein der Voralberger Norikerzüchter
Austria,040027,Oesterreichischer Shetlandponyzuchtverband
Austria,040028,Osterreichische Lipizzaner Union
Austria,040029,Verband der Zuchter des Huzulenpferdes in Osterreich
Austria,040030,Austrian Quarter Horse Association
Austria,040031,Arbeitsgemeinschaft für Warmblutzucht in Österreich
Austria,040032,Österreichischer Pferdesportverband
Austria,040033,Amt der NO LReg. Abt. Veterinärangelegenheiten
Austria,040034,Amt der Burgenländischen Landesregierung Abteilung 4a - Hauptreferat Veterinärwesen
Austria,040035,Verband der Pferderassen und Ponys in Österreich
Austria,040036,Österreichischer Lipizzaner Zuchtverband - Austrian Breeding Federation
Austria,040037,Zuchtleitung Paint Horse Austria
Austria,040038,Paint Horse Austria
Austria,040039,International M'amin Horse Registry
Ireland,372006,Irish Cob Society
Ireland,372003,The Irish Piebald & Skewbald Association Ltd t/a Leisure Horse Ireland
Ireland,372004,The Connemara Pony Breeders Society
Ireland,372IRE,Weatherbys Ireland
Ireland,372414,Horse Sport Ireland
Ireland,372069,Horse Passport Agency Ltd
Ireland,372009,Irish Pony Society
Ireland,372010,Irish Warmblood Stud Book Ltd
Ireland,372012,Irish Appaloosa Association
Ireland,372013,Irish Harness Racing Association Ltd
Poland,616001,Polish Arabian Stud Book
Poland,616POL,Polski Klub Wyscigow Konnych
Poland,616002,Polskie Towarzystwo Kuce Szetlandzkie (Shetland Pony)
Poland,616003,Trakehner Verband Poland
Poland,616006,Polish Horse Breeders Association
Poland,616015,Association Breeders and Users of Trotters
Sweden,752001,Svenska Hästavelsförbundet SH
Sweden,752002,Svenska Travsportens Centralförbund (STC)
Sweden,752003,Swedish Arab Horse registry
Sweden,752004,Swedish Warmblood Association
Sweden,752SWE,Svensk Galopp
Sweden,752005,Svenska Poitou Föreningen
Sweden,752006,Sveriges Shetlandssällskap
Sweden,752007,Svenska Morganhästföreningen
Sweden,752008,Svenska Lusitanosällskapet
Sweden,752012,Svenska Quarterhästföreningen
Sweden,752013,Svenska Painthästföreningen
Sweden,752014,Svenska Shagya-arabföreningen
Sweden,752015,Svenska Knabstrupperföreningen
Sweden,752016,Svenska Appaloosaföreningen
Sweden,752017,Svenska Achaltekeerföreningen
Sweden,752018,Svenska Frieserhästföreningen
Sweden,752019,Svenska American Curlyhorse-föreningen
Sweden,752020,Svenska Basjkirhästföreningen
Sweden,752022,Föreningen Nordsvenska Hästen
Sweden,752023,Avelsföreningen For Svenska Ardennerhästen
Sweden,752024,Svenska Fjordhästföreningen
Sweden,752025,Svenska föreningen för Irish Cob
Sweden,752026,Gypsy Cob Society Sweden
Sweden,752047,Svensk Tyroler-Haflingeravel
Sweden,752029,Svenska Shirehästföreningen
Sweden,752030,Svenska Russavelsföreningen
Sweden,752032,Svenska Haflingerföreningen
Sweden,752033,Svenska Connemarasällskapet
Sweden,752034,Svenska New Forestföreningen
Sweden,752035,Svenska Welshponny- och Cobföreningen
Sweden,752040,Svenska Dartmoorsällskapet
Sweden,752041,Svenska Exmooravelsföreningen
Sweden,752043,Avelsföreningen för Svensk Ridponny
Sweden,752044,Rid- och Sportponnyföreningen
Sweden,752045,Svenska Åsneföreningen
Sweden,752046,Swedish Caspian Horse Association
Sweden,752082,Svenska Föreningen för Edelbluthaflinger
Sweden,752101,Svenska Saddlebredföreningen
Sweden,752103,Svenska Angloarabföreningen
Sweden,752106,Svenska Lipizzanerföreningen
Sweden,752031,Svenska Islandshästförbundets Stiftelse för Avel SIF Avel
Sweden,752048,Svenska Avelsorganisationen för Amerikanska HästRaser
Denmark,208336,Dansk Selskab for Arabisk Hesteavl (Danish Arab Horse Society)
Denmark,208334,Dansk travsports Centralforbund
Denmark,208335,Graenseegnens Holstener Hesteavlsforening
Denmark,208DEN,Danish Jockey Club
Denmark,208333,Landscentret Heste (Danish Agricultural Advisory Service)
Denmark,208337,Dansk Islandshesteforening
Denmark,208338,Miniature Horses in Denmark
Denmark,208339,Dansk Frieser Forbund
Denmark,208340,Danish Connemara Pony Society
Finland,246001,Finnish Warmblood (The Finnish breeding association) Suomen Hippos
Finland,246002,The Finnish Society for Irish Cobs
Finland,246003,Eestin Raskaat Vetohevoset ry
Norway,578012,Norvegian Shetland Pony Society
Norway,578001,Det Norske Travselskap
Norway,578002,Stiftelsen Norsk Hestesenter
Norway,578003,Landslaget for Nordlanddhest/Lyngshest
Norway,578004,Norsk Ponniavlsforening
Norway,578005,Norwegian Arab Horse Society
Norway,578006,Norsk Foreining for Varmblodig Hesteavl
Norway,578007,Norsk Islandshestforening Stammbokkontoret
Norway,578009,Norsk Lipizzanerforening
Norway,578011,Norwegian Warmblood Association
Norway,578NOR,Norsk Jockeyklub
Norway,578013,NAHF'S Shagyaavdeling
Switzerland,756001,Schweizer Zuchtgenossenschaft für Arabische Pferde
Switzerland,756002,Suisse Trot
Switzerland,756003,Zuchtverband Des CH - Warmblut-Sportpferdes
Switzerland,756004,Islandpferdevereinigung Schweiz IPV CH
Switzerland,756SWI,Tierverkehrsdatenbank Banque de Données sur le Trafic des Animaux
Switzerland,756014,Fédération suisse du Franche-Montagne - mulets/ Schweizerischer Freibergerzuchtverband
Switzerland,756005,Schweizerischer Verband für Ponys und Kleinpferde
Switzerland,756007,Association Suisse du Cheval Barbe
Switzerland,756017,Suisse Sport- und Reitpferde Suisse chevaux de sport et de selle
Switzerland,756009,Arbertsgemeinschaft Haflinger Schweiz
Switzerland,756010,Shagya Araberverband der Schweiz
Switzerland,756011,Zuchtverband Arabische Mischrassen
Switzerland,FEIFEI,Federation Equestre Internationale
Switzerland,756012,Fédération Suisse des Sports Equestres
Switzerland,756013,Fédération suisse du Franche-Montagne
Switzerland,756015,Verein Special Color Schweiz
Switzerland,756016,Haflinger Dachorganisation Haflinger-Pentagon Sàrl-GmbH
Switzerland,756100,Galopp Schweiz
Czech Republic,203001,Czech Association of Horse Breeder Syndicates
Czech Republic,203002,Association of hucul horse breeders
Czech Republic,203003,Czech Association Purebred Arabian Horses
Czech Republic,203004,Czech Trotting Association
Czech Republic,203005,Association of Lipizzaner Breeders CZ
Czech Republic,203006,The National Stud Kladruby nad Labem SOC
Czech Republic,203007,Pure Bred Shagya-Arabian Society CZ
Czech Republic,203CZE,Jockey Club of the Czech Republic
Czech Republic,203009,Czech Warmblood Breeders Association
Czech Republic,203010,Breeders Association of Slovak Warmblood in the Czech republic
Czech Republic,203011,Central Register of horses
Czech Republic,203012,The Society of Breeders and Friends of the Moravian Warmblood
Czech Republic,203013,Association of breeders of Kinsky horses
Czech Republic,203016,Irish Cob The Czech Republic
Hungary,348001,Hungarian Sport Horse Breeders Association/Magyar Sportlótenyésztők Országos Egyesülete
Hungary,3481AR,Society of Hungarian Arabian Horse Breeders
Hungary,3481AT,Hungarian Gallop RaceHorse Breeder's Association
Hungary,348003,Gestut der Babolna Korporation/ Verband der Zuchter des arabischen Pferde Ungarn
Hungary,3481UG,National Trotting Breeder's Association
Hungary,348006,Allami Menesgazdasag Szilvasvarad
Hungary,3481KB,Kisberi and Gidran Horse Breeding Association
Hungary,3481QH,Hungarian Quarter Horse Association
Hungary,348199,Nemzeti Élelmiszerlánc-Biztonsági Hivatal (National Food Chain Safety Office)
Hungary,3481NO,Hungarian Nonius Horse Association
Hungary,3481SD,Hungarian Pony and Small Horse Association
Hungary,3481FN,Association of Hungarian Furioso-North Star Breeders
Hungary,3481LP,Hungarian Lipizaner breeder's Society
Hungary,3481HV,Hungarian Cold Blooded Horse Breeders Association
Hungary,3481BD,Hungarian Bardigiano Horse Breeding Association
Hungary,3481FZ,Association of Friesan Horses in Hungary
Hungary,3481KN,Konik and Primitive Horse Breeders Association
Hungary,3481AH,Akhal-Teke Breeders Association Hungary
Hungary,3481MV,Hungarian Warmblood Breeders Association
Hungary,3481IA,Association of Hungarian Donkey Breeders
Hungary,3481WH,Hungarian Welsh and riding pony Association
Hungary,3481AZ,Association for Andalusian Horses in Hungary
Hungary,3481IZ,Hungarian Icelandic Equestrian Association
Argentina,032001,Asociacion Argentina de Fomento Equino
Argentina,032002,Sociedad Rural Argentina
Argentina,032003,Stud-book Argentino
Canada,124001,Canadian Arabian Horse Registry
Canada,124023,Canadian Warmblood Horse Breeders Association
Canada,124024,Appaloosa Horse Club of Canada
Canada,124003,Equestrian Canada
Canada,124004,Canadian Icelandic Horse Federation
Canada,124CAN,The Jockey Club of America
Canada,124005,Standardbred Canada
Canada,124008,American Saddlebred Horse Association of Canada
Canada,124009,Société des Eleveurs de Chevaux Canadiens
Canada,124010,Clydesdale Horse Association of Canada
Canada,124011,Canadian Fjord Horse Association
Canada,124012,Canadian Hackney Society
Canada,124013,Canadian Haflinger Association
Canada,124014,Canadian Morgan Horse Association Inc.
Canada,124015,Miniature Horse Association of Canada
Canada,124016,Canadian Palomino Horse Association
Canada,124017,Canadian Percheron Association
Canada,124018,Peruvian Horse Association of Canada
Canada,124019,Canadian Pony Society
Canada,124020,Canadian Registry of the Tenessee Walking Horse
Canada,124021,Canadian Trakehner Horse Society
Canada,124022,Welsh Pony & Cob Society of Canada
Canada,124100,General Stud & Herd Book
Canada,124999,Canadian Identification Project
Canada,124002,Canadian Sport Horse Association
Canada,124027,Irish Draught Horse Society of Canada
Canada,124031,Friesian Horse Society Inc.
Australia,036001,Australian Warmblood Horse Association Ltd
Australia,036002,Holsteiner Horse Association of Australia Ltd
Australia,036003,Stud-book APH Australian Performances Horses
Australia,036004,The Arabian Horse Society of Autralia Ltd
Australia,036AUS,Australian Stud Book
Australia,036005,The Welsh Pony & Cob Society of Australia
Australia,036006,Australian Pony Stud Book Society
Australia,036007,Trakehner Kontaktadressen im Ausland
Australia,036008,Harness Racing Australia Inc
Australia,036009,Australian Lipizzaner Registry Inc
Australia,036010,Irish Draught and Sport Horse Society of Australia
Australia,036011,Asociacion de Caballos de Pura Raza Espanola - Australia INC
Australia,036012,Hanoverian Horse Society of Australia
Australia,036013,Australian Continental Equestrian Group Inc
Australia,036014,Lipizzaner Association of Australasia
Australia,036015,Australian Paso Horse Society of Australia
Australia,036016,Icelandic Horse Association of Australia Inc.
Australia,036017,Australian Fjord Horse Association Inc.
New Zealand,554001,New Zealand Arab Horse Breeders Society Inc
New Zealand,554002,New Zealand Sport Horse Promotion Board Inc.
New Zealand,5540NZ,New Zealand Thoroughbred Racing
New Zealand,554003,Welsh Pony and Cob Society of New Zealand
New Zealand,554004,Trakehner Breeders Association of New Zealand
New Zealand,554005,Harness racing New Zealand
New Zealand,554006,Icelandic Horse Breeders and Riders Association New Zealand
New Zealand,554007,The New Zealand Hanoverian Society Incorporated
New Zealand,554008,Equestrian Sports New Zealand
New Zealand,554009,The New Zealand Warmblood Association Inc.
New Zealand,554010,The Connemara Pony Society of New Zealand Incorporated
New Zealand,554011,Sport and Performance Horse Association of New Zealand Inc.
South Africa,710001,South African Warmblood Horse Society
South Africa,710002,The Arab Horse Society of South Africa
South Africa,710SAF,The National Horseracing Authority
South Africa,710003,Welsh Pony and Cob Society of South Africa
South Africa,710004,South Africa Lipizzaners
South Africa,710005,Trotting South Africa (TSA)
Mexico,484001,Criadores de Caballos Deportivos Mexicanos A.C
Mexico,484MEX,Jockey Club Mexicano
Mexico,484006,Stud-book La Silla
Mexico,484008,Asociacion Mexicana de Criadores de Caballos de Pura Raza Espanola
Uruguay,858001,Asociacion rural del Uruguay
Uruguay,858002,Sociedad Criadores de Caballos Arabes
Uruguay,858003,Stud Book Uruguayo
Russia,643001,The Russian Arabian Stud Book Office
Russia,643RUS,All Russian Research Institute for Horsebreeding
Russia,643003,Assoziation d. Trakehner Pferde-Gestüte Russlands
Russia,643004,CIS Trotting Association
Russia,643005,State Studbook of Russian Riding Horse
Turkey,792001,Turkish Arabian Horse registry
Turkey,792TUR,Turkish Thoroughbred Stud Book
Slovakia,703001,Narodny Zrebcin Topolcianky
Slovakia,703002,Slovak Horse Breeding society/Zväz chovatelov koni na Slovensku-druzstvo
Slovakia,703SVK,Turf DirektoriuM Bratislava
Slovakia,703003,Statny Zrecin
Slovakia,703005,Nationalgestut Topolcianky
Slovenia,705001,UL Veterinarska fakulteta Klinika za reprodukcijo in velike zivali - Stud Book for Slovenian Warmblood Horses
Slovenia,705002,Haras de Lipica
Slovenia,SVN001,Slovenian Turf Club
Croatia,191003,Drzavna ergela Dakovo i Lipik / State Stud Farm Dakovo and Lipik
Croatia,191002,Croatian Agency for Agriculture and Food - Thoroughbred area
Croatia,191004,Hrvatska udruga uzgajivaca sportskih konja / Croatian Association of Breeders of Sport Horses
Croatia,191005,Croatian Federation of Heavy Draft Horse Breeders Association
Croatia,191006,Central Horsebreeders Alliance Croatian Posavac
Croatia,191007,Trakehner Horse Breeders Association of Croatia
Croatia,191009,Croatian Breeders Association of Gidran Horses
Croatia,191010,Croatian Warmblood Breeders Association
Croatia,191011,Vitesko alkarsko drustvo Sinj
Greece,300001,Ministry of Agriculture Directorate of Inputs to Animal Production
Greece,3000GR,Jockey Club de Grèce
Bulgaria,100001,Bulgarian Horse Breeding Society
Bulgaria,100002,national Service for selection and Reproduction in Animal Breeding
Bulgaria,100003,National Veterinary Service
Bulgaria,100004,Eastbulgarian Horse Association
Bulgaria,100005,Association for Breeding Indigenous Breeds in Bulgaria
Bulgaria,100006,Bulgarian Sport Horse Association
Serbia,688001,Ministry of Agriculture Forestry and Water management
Serbia,688002,Serbian Association for Purebred Arabian Horses
Estonia,233001,Estonian Sport Horse Breeders Society
Estonia,233003,Estonian Trotters Association
Estonia,233002,Estonian Horse Breeders Society
Estonia,233004,Akhal-Teke Association of Estonia
Estonia,233999,Unknown horses registered in Estonian horse breeding societies
Estonia,233005,The Old-Tori Horse Society
Estonia,233006,Estonian Native Horse Breeders Society
Estonia,233007,TORI HORSE SOCIETY
Latvia,428001,Agricultural Data Centre
Lithuania,440001,Lithuanian Ministry of Agriculture State Animal Breeding Supervision Service
Lithuania,440002,Lithuanian Trakehner Breeders' Association
Lithuania,440003,Zhemaitukas Breeders Association
Lithuania,440004,The Lithuanian Draft Horse Breeders Association
Lithuania,440005,Lietuvos jojamuju zirgu veisle / Lithuanian Riding Horses
Lithuania,440006,The Baltic Horse Breeder's Association
Lithuania,440007,The Republic Racing Horse League
Lithuania,440008,State enterprise Agricultural Data Centre
Lithuania,440009,Lithuanian Trotting Association
Lithuania,440010,The Lithuanian Horse Racing Association
Lithuania,440011,The National Arabian Horses Breeders Association
Lithuania,440012,Lithuanian equestrian association
Lithuania,440013,Lithuanian Heavy Draught Horse Conservation Breeders' Association
Iceland,352001,Landssamband Hestamanna
Iceland,352002,RML Radgjafamidstod landbunadarins (The Icelandic Agricultural Advisory Centre)
Luxembourg,442001,Stud-book du cheval de selle luxembourgeois
Luxembourg,442002,Stud-book Luxembourgeois du cheval de Sang
Luxembourg,442005,Letzebuerger Ardenner Studbook
Luxembourg,442006,Stud-book luxembourgeois pour Chevaux Haflinger
Luxembourg,442007,Stud-book luxembourgeois pour Chevaux de taille moyenne poneys et races spéciales
Luxembourg,442008,Ieselsfrënn Lëtzebuerg a.s.b.l.
Luxembourg,442009,Quarter Horse Association Luxembourg
Luxembourg,442010,CONVIS
Luxembourg,442011,Administration des Services Techniques de l'Agriculture
Malta,470001,Malta Racing Club
Malta,470003,Malta Veterinary Regulation Directorate
Cyprus,196CYP,Cyprus Turf Club
Ukraine,804001,Agency on identification and registration of animals
Ukraine,804002,Ukrainian Horse Breeders Associaton
Ukraine,804003,OWNER'S TROTTING ASSOCIATION
Belarus,112001,Belarus Trotters
Israel,376001,Israel Arab Horse Registry
Israel,376ISR,Israel Stud Book
Israel,376002,Israeli Shagya Arab Horse Society
United Arab Emirates,784001,Emirates Arabian Horse Society
United Arab Emirates,784UAE,Emirates Racing Association
United Arab Emirates,784002,Emirates Equestrian Federation
Saudi Arabia,682001,King Abdul Aziz Arabian Horse centre
Saudi Arabia,682SDA,Saudi Arabian stud book
Qatar,634001,Qatar Arabian Horse Registry Race & Equestrian Club
Qatar,634002,Qatar Horse Registry
Kuwait,414001,Kuwait Arabian Horse Registry
Bahrain,048001,Royal Arabian Stud of Bahrain
Bahrain,048BHR,Rashid Equestrian and Horse Racing Club
Oman,512001,The Royal Cavalry
Jordan,400001,The Royal Jordanian Stud Book Authority
Lebanon,422001,SPARCA
Lebanon,422LBN,SPARCA
Iran,364001,Equestrian Federation of the Islamic Republic of Iran-Studbook Office
Iran,364002,Caspian Conservation Society
Morocco,434LIB,Ministère de l'Agriculture & de la Mise en Valeur Agricole Division des Haras
Tunisia,788001,Fondation Nationale d'Amelioration de la Race Chevaline
Algeria,012001,Office National De Developpement Des Elevages Equins et camelins
Egypt,818001,Egyptian Agricultural Organization Arabian Horse Breeding Administration
Japan,392001,Japan Association for International Racing and Stud Book
China,156001,China Horse Industry Association
"Korea, South",410KOR,Korea Racing Association
India,356IND,Stud-book authority of India
Thailand,764THA,Stud-book authority of Thailand
Malaysia,458MAL,Malayan racing Association
Pakistan,586001,Pakistan Arabian Horse Society
Kazakhstan,398001,Kazakh Association of Purebred Arabian Horses
Kazakhstan,398002,Republic Chamber of Horse Breeding of Kazakhstan
Uzbekistan,860UZB,the Equestrian Federation of Uzbekistan
Azerbaijan,031001,Azerbaijan Horse Club
Azerbaijan,031002,Azerbaijan Republic Equestrian Federation
Chile,152001,Sociedad de Fomento Agricola de Temuco
Chile,152CHI,Stud-book de Chile
Colombia,170001,Assn. Colombiana de Criadores de Caballos Arabe
Colombia,170COL,Jockey Club in Colombia
Peru,604001,Asociacion de criadores de caballo peruano de paso
Peru,604PER,Jockey club del Peru
Venezuela,862001,Asociacion Venezolana De Criadores De Caballos Arabes
Venezuela,862VEN,Jockey Club in Venezuela
Ecuador,218ECU,Jockay Club in Ecuador
Ecuador,218001,Associacion de Criadores de Caballos Arabes del Ecuador
Paraguay,600001,Asociacion Rural del Paraguay
Paraguay,600PRY,Jockey Club in Paraguay
Bolivia,068101,Bolivian Association de Criadores de Caballos Arabes
Cuba,192001,Associacion Nacional de Criadores de Equins de Cuba
Costa Rica,188CRI,Jockey Club in Costa Rica
Dominican Republic,214DOM,Jockey Club in Dominican Republic
Guatemala,320GTM,Jockey Club in Guatemala
Panama,591PAN,Jockey Club in Panama
Honduras,340001,Honduras Equestrian Federation
Trinidad and Tobago,780TRI,Thoroughbreds in Trinidad et Tobago
Barbados,052BRB,Barbodo Stud Book
Belize,084001,Belize Arabian Stud Book
Namibia,516001,Arab Horse Breeders Society of Namibia
Zimbabwe,716001,Arab Horse Society of Zimbabwe
Kenya,404KEN,Jockey Club in Kenya
Andorra,020001,Govern d'Andorra Departament d'Agricultura
Faroe Islands,234001,Fareos Icelandic Horse Association
Libya,434001,Libyan Arabian Horse Breeders Society
Syria,760001,Ministry of Agriculture & Agrarian Reform (MAAR)
Iraq,368001,Iraqi Arabian Horse Organization
Indonesia,360001,Stud Book Indonesia
Philippines,608PHI,Stud Book Authority of the Philippines
New Caledonia,540001,UPRA Equine
Yemen,887001,General Federation for Equestrian & Camel Racing Registration Centre of Pure Arabian Horses of Yemen
